instance_name,id,active,name,officialName,email,currency,phoneNumber,invoiceHeader,invoiceMessage,defaultTaxRate,authorizationParagraph,acknowledgementParagraph,address,addressstreet,addressunit,addresscity,addressstate,addresszip,addresscountry,materialSku,quickbooksClass,accountCode,franchiseId,conceptCode,corporateContractNumber,tenant,tenantid,tenantname,tenantaccountCode,tenantfranchiseId,tenantconceptCode,tenantmodifiedOn,createdOn,modifiedOn,externalData
Expert Heating and Cooling Co LLC,1034876,true,10EXP-Resid AOR,Expert Residential AOR,info@expertheatcool.com,USD,(734) 676-4488,Expert Heating and Cooling Co.24400 Northline Road Taylor Michigan 48180(734) 676-4488,Thank you for choosing Expert Heating and Cooling,null,This invoice is agreed and acknowledged.  Payment is due upon receipt.  A service fee will be charged for any returned checks and a finance charge of 1% per month may be applied for overdue amounts.,I find and agree that all work performed by {BusinessUnitOfficialName} has been completed in a satisfactory and workmanlike manner. I have been given the opportunity to address concerns and/or discrepancies in the work provided and I either have no such concerns or have found no discrepancies or they have been addressed to my satisfaction. My signature here signifies my full and final acceptance of all work performed by the contractor.,null,24400 Northline Road,null,Taylor,MI,48180,USA,null,null,null,null,NotSet,null,null,1011756844,expertheatingcoolingco,null,null,NotSet,2023-08-17T07:24:46.577985Z,0001-01-01T00:00:00Z,2023-09-29T15:40:39.8195101Z,null
Expert Heating and Cooling Co LLC,1034877,true,20EXP-Resid NC,Expert Residential New Const,info@expertheatcool.com,USD,(734) 676-4488,Expert Heating and Cooling Co.24400 Northline Road Taylor Michigan 48180(734) 676-4488,Thank you for choosing Expert Heating and Cooling,null,This invoice is agreed and acknowledged.  Payment is due upon receipt.  A service fee will be charged for any returned checks and a finance charge of 1% per month may be applied for overdue amounts.,I find and agree that all work performed by {BusinessUnitOfficialName} has been completed in a satisfactory and workmanlike manner. I have been given the opportunity to address concerns and/or discrepancies in the work provided and I either have no such concerns or have found no discrepancies or they have been addressed to my satisfaction. My signature here signifies my full and final acceptance of all work performed by the contractor.,null,24400 Northline Road,null,Taylor,MI,48180,USA,null,null,null,null,NotSet,null,null,1011756844,expertheatingcoolingco,null,null,NotSet,2023-08-17T07:24:46.577985Z,0001-01-01T00:00:00Z,2023-09-26T17:22:18.8054072Z,null
Expert Heating and Cooling Co LLC,1034878,true,30EXP-Comm AOR,Expert Commercial AOR,ccain@expertheatcool.com,USD,(734) 676-4488,Expert Heating and Cooling Co.24400 Northline Road Taylor Michigan 48180(734) 676-4488,Thank you for choosing Expert Heating and Cooling,null,This invoice is agreed and acknowledged.  Payment is due upon receipt.  A service fee will be charged for any returned checks and a finance charge of 1% per month may be applied for overdue amounts.,I find and agree that all work performed by {BusinessUnitOfficialName} has been completed in a satisfactory and workmanlike manner. I have been given the opportunity to address concerns and/or discrepancies in the work provided and I either have no such concerns or have found no discrepancies or they have been addressed to my satisfaction. My signature here signifies my full and final acceptance of all work performed by the contractor.,null,24400 Northline Road,null,Taylor,MI,48180,USA,null,null,null,null,NotSet,null,null,1011756844,expertheatingcoolingco,null,null,NotSet,2023-08-17T07:24:46.577985Z,0001-01-01T00:00:00Z,2023-09-26T17:22:30.4193049Z,null
Expert Heating and Cooling Co LLC,1034879,true,40EXP-Comm NC,Expert Commercial New Constr,ccain@expertheatcool.com,USD,(734) 676-4488,Expert Heating and Cooling Co.24400 Northline Road Taylor Michigan 48180(734) 676-4488,Thank you for choosing Expert Heating and Cooling,null,This invoice is agreed and acknowledged.  Payment is due upon receipt.  A service fee will be charged for any returned checks and a finance charge of 1% per month may be applied for overdue amounts.,I find and agree that all work performed by {BusinessUnitOfficialName} has been completed in a satisfactory and workmanlike manner. I have been given the opportunity to address concerns and/or discrepancies in the work provided and I either have no such concerns or have found no discrepancies or they have been addressed to my satisfaction. My signature here signifies my full and final acceptance of all work performed by the contractor.,null,24400 Northline Road,null,Taylor,MI,48180,USA,null,null,null,null,NotSet,null,null,1011756844,expertheatingcoolingco,null,null,NotSet,2023-08-17T07:24:46.577985Z,0001-01-01T00:00:00Z,2023-09-26T17:22:42.6672648Z,null
Expert Heating and Cooling Co LLC,1034880,true,50EXP-Resid Service,Expert Residential Service,info@expertheatcool.com,USD,(734) 676-4488,Expert Heating and Cooling Co.24400 Northline Road Taylor Michigan 48180(734) 676-4488,Thank you for choosing Expert Heating and Cooling,null,This invoice is agreed and acknowledged.  Payment is due upon receipt.  A service fee will be charged for any returned checks and a finance charge of 1% per month may be applied for overdue amounts.,I find and agree that all work performed by {BusinessUnitOfficialName} has been completed in a satisfactory and workmanlike manner. I have been given the opportunity to address concerns and/or discrepancies in the work provided and I either have no such concerns or have found no discrepancies or they have been addressed to my satisfaction. My signature here signifies my full and final acceptance of all work performed by the contractor.,null,24400 Northline Road,null,Taylor,MI,48180,USA,null,null,null,null,NotSet,null,null,1011756844,expertheatingcoolingco,null,null,NotSet,2023-08-17T07:24:46.577985Z,0001-01-01T00:00:00Z,2023-09-29T15:41:04.3807261Z,null
Expert Heating and Cooling Co LLC,1034881,true,60EXP-Comm Service,Expert Commercial Service,info@expertheatcool.com,USD,(734) 676-4488,Expert Heating and Cooling Co.24400 Northline Road Taylor Michigan 48180(734) 676-4488,Thank you for choosing Expert Heating and Cooling,null,This invoice is agreed and acknowledged.  Payment is due upon receipt.  A service fee will be charged for any returned checks and a finance charge of 1% per month may be applied for overdue amounts.,I find and agree that all work performed by {BusinessUnitOfficialName} has been completed in a satisfactory and workmanlike manner. I have been given the opportunity to address concerns and/or discrepancies in the work provided and I either have no such concerns or have found no discrepancies or they have been addressed to my satisfaction. My signature here signifies my full and final acceptance of all work performed by the contractor.,null,24400 Northline Road,null,Taylor,MI,48180,USA,null,null,null,null,NotSet,null,null,1011756844,expertheatingcoolingco,null,null,NotSet,2023-08-17T07:24:46.577985Z,0001-01-01T00:00:00Z,2023-09-26T17:23:16.4575848Z,null
Expert Heating and Cooling Co LLC,1034882,true,70EXP-OTC,Expert Over the Counter,pgravlin@expertheatcool.com,USD,(734) 676-4488,Expert Heating and Cooling Co.24400 Northline Road Taylor Michigan 48180(734) 676-4488,Thank you for choosing Expert Heating and Cooling,null,This invoice is agreed and acknowledged.  Payment is due upon receipt.  A service fee will be charged for any returned checks and a finance charge of 1% per month may be applied for overdue amounts.,I find and agree that all work performed by {BusinessUnitOfficialName} has been completed in a satisfactory and workmanlike manner. I have been given the opportunity to address concerns and/or discrepancies in the work provided and I either have no such concerns or have found no discrepancies or they have been addressed to my satisfaction. My signature here signifies my full and final acceptance of all work performed by the contractor.,null,null,null,null,null,null,null,null,null,null,null,NotSet,null,null,1011756844,expertheatingcoolingco,null,null,NotSet,2023-08-17T07:24:46.577985Z,0001-01-01T00:00:00Z,2023-09-26T17:23:27.1982882Z,null
Expert Heating and Cooling Co LLC,1034883,true,80EXP-Resid Maint,Expert Residential Maintenance,info@expertheatcool.com,USD,(734) 676-4488,Expert Heating and Cooling24400 Northline Road Taylor Michigan 48180(734) 676-4488,Thank you for choosing Expert Heating and Cooling,null,This invoice is agreed and acknowledged.  Payment is due upon receipt.  A service fee will be charged for any returned checks and a finance charge of 1% per month may be applied for overdue amounts.,I find and agree that all work performed has been completed in a satisfactory and workmanlike manner. I have been given the opportunity to address concerns and/or discrepancies in the work provided and I either have no such concerns or have found no discrepancies or they have been addressed to my satisfaction. My signature here signifies my full and final acceptance of all work performed by the contractor.,null,24400 Northline Road,null,Taylor,MI,48180,USA,null,null,null,null,NotSet,null,null,1011756844,expertheatingcoolingco,null,null,NotSet,2023-08-17T07:24:46.577985Z,0001-01-01T00:00:00Z,2023-09-29T15:41:17.3348025Z,null
Expert Heating and Cooling Co LLC,1034884,true,90EXP-Comm Maint,Expert Commercial Maintenance,acarlos@expertheatcool.com,USD,(734) 676-4488,Expert Heating and Cooling Co.24400 Northline Road Taylor Michigan 48180(734) 676-4488,Thank you for choosing Expert Heating and Cooling,null,This invoice is agreed and acknowledged.  Payment is due upon receipt.  A service fee will be charged for any returned checks and a finance charge of 1% per month may be applied for overdue amounts.,I find and agree that all work performed by {BusinessUnitOfficialName} has been completed in a satisfactory and workmanlike manner. I have been given the opportunity to address concerns and/or discrepancies in the work provided and I either have no such concerns or have found no discrepancies or they have been addressed to my satisfaction. My signature here signifies my full and final acceptance of all work performed by the contractor.,null,24400 Northline Road,null,Taylor,MI,48180,USA,null,null,null,null,NotSet,null,null,1011756844,expertheatingcoolingco,null,null,NotSet,2023-08-17T07:24:46.577985Z,0001-01-01T00:00:00Z,2023-09-26T17:24:02.2430928Z,null
Expert Heating and Cooling Co LLC,1951850,true,EXP00-HEAD OFFICE,EXP00 HEAD OFFICE,pgravlin@expertheatcool.com,USD,(734) 676-4488,null,null,null,null,null,null,null,null,null,null,null,null,null,null,null,null,NotSet,null,null,1011756844,expertheatingcoolingco,null,null,NotSet,2023-08-17T07:24:46.577985Z,2022-02-23T17:59:22.6151722Z,2023-09-26T17:24:12.8664302Z,null
Expert Heating and Cooling Co LLC,1951978,true,EXP01-ADMIN/OFFICE,EXP01-ADMINISTRATION/OFFICE,pgravlin@expertheatcool.com,USD,(734) 676-4488,null,null,null,null,null,null,null,null,null,null,null,null,null,null,null,null,NotSet,null,null,1011756844,expertheatingcoolingco,null,null,NotSet,2023-08-17T07:24:46.577985Z,2022-02-23T18:00:33.6397568Z,2023-09-26T17:24:23.7063386Z,null
Expert Heating and Cooling Co LLC,1952106,true,EXP03-SHEET METAL SHOP,EXP03-SHEET METAL SHOP,pgravlin@expertheatcool.com,USD,(734) 676-4488,null,null,null,null,null,null,null,null,null,null,null,null,null,null,null,null,NotSet,null,null,1011756844,expertheatingcoolingco,null,null,NotSet,2023-08-17T07:24:46.577985Z,2022-02-23T18:01:16.8301171Z,2023-09-26T17:24:43.998773Z,null
Expert Heating and Cooling Co LLC,1952234,true,EXP04-FACILITY/BLDG,EXP04-FACILITY/BLDG,pgravlin@expertheatcool.com,USD,(734) 676-4488,null,null,null,null,null,null,null,null,null,null,null,null,null,null,null,null,NotSet,null,null,1011756844,expertheatingcoolingco,null,null,NotSet,2023-08-17T07:24:46.577985Z,2022-02-23T18:01:58.410953Z,2023-09-26T17:24:54.7704987Z,null
Expert Heating and Cooling Co LLC,1952362,true,EXP02-WAREHOUSE,EXP02-WAREHOUSE,pgravlin@expertheatcool.com,USD,(734) 676-4488,null,null,null,null,null,null,null,null,null,null,null,null,null,null,null,null,NotSet,null,null,1011756844,expertheatingcoolingco,null,null,NotSet,2023-08-17T07:24:46.577985Z,2022-02-23T18:03:32.496586Z,2023-09-26T17:24:34.0767508Z,null
Expert Heating and Cooling Co LLC,55786506,true,51EST-Resid Service,Expert Residential Service,info@expertheatcool.com,USD,(313) 822-6633,Expert Heating and Cooling Co.18139 E 9 Mile Rd.Eastpointe MI  48021(313) 822-6633,Thank you for choosing Expert Heating and Cooling,null,This invoice is agreed and acknowledged.  Payment is due upon receipt.  A service fee will be charged for any returned checks and a finance charge of 1% per month may be applied for overdue amounts.,I find and agree that all work performed has been completed in a satisfactory and workmanlike manner. I have been given the opportunity to address concerns and/or discrepancies in the work provided and I either have no such concerns or have found no discrepancies or they have been addressed to my satisfaction. My signature here signifies my full and final acceptance of all work performed by the contractor.,null,18139 East 9 Mile Road,null,Eastpointe,MI,48021,USA,null,null,null,null,NotSet,null,null,1011756844,expertheatingcoolingco,null,null,NotSet,2023-08-17T07:24:46.577985Z,2022-09-08T20:20:01.9559007Z,2023-09-26T17:23:05.0670129Z,null
Expert Heating and Cooling Co LLC,55793158,true,11EST-Resid AOR,Expert Residential AOR,info@expertheatcool.com,USD,(313) 822-6633,Expert Heating and Cooling18139 E 9 Mile Rd.Eastpointe MI  48021313-822-6633,Thank you for choosing Expert Heating and Cooling,null,This invoice is agreed and acknowledged.  Payment is due upon receipt.  A service fee will be charged for any returned checks and a finance charge of 1% per month may be applied for overdue amounts.,I find and agree that all work performed by Expert Heating & Cooling has been completed in a satisfactory and workmanlike manner. I have been given the opportunity to address concerns and/or discrepancies in the work provided and I either have no such concerns or have found no discrepancies or they have been addressed to my satisfaction. My signature here signifies my full and final acceptance of all work performed by the contractor.,null,18139 E 9 Mile Rd.,null,Eastpointe,Michigan,48021,USA,null,null,null,null,NotSet,null,null,1011756844,expertheatingcoolingco,null,null,NotSet,2023-08-17T07:24:46.577985Z,2022-09-08T20:03:02.8581213Z,2023-09-29T15:40:51.9713888Z,null
Expert Heating and Cooling Co LLC,55794188,true,81EST-Resid Maint,Expert Residential Maintenance,info@expertheatcool.com,USD,(313) 822-6633,Expert Heating and Cooling18139 E 9 Mile Rd.Eastpointe MI  48021(313) 822-6633,Thank you for choosing Expert Heating and CoolingNot just a name... it's the truth!,null,This invoice is agreed and acknowledged.  Payment is due upon receipt.  A service fee will be charged for any returned checks and a finance charge of 1% per month may be applied for overdue amounts.,I find and agree that all work has been completed in a satisfactory and workmanlike manner. I have been given the opportunity to address concerns and/or discrepancies in the work provided and I either have no such concerns or have found no discrepancies or they have been addressed to my satisfaction. My signature here signifies my full and final acceptance of all work performed by the contractor.,null,18139 East 9 Mile Road,null,Eastpointe,MI,48021,USA,null,null,null,null,NotSet,null,null,1011756844,expertheatingcoolingco,null,null,NotSet,2023-08-17T07:24:46.577985Z,2022-09-08T20:30:37.877767Z,2023-09-29T15:41:28.6378184Z,null
PARKER-ARNTZ PLUMBING AND HEATING INC.,898,true,GRE HVAC AOR RES,Parker-Arntz Plumbing & Heating Inc.,noemail@noemail.com,USD,8888888890,Parker-Arntz Plumbing & Heating Inc.6319 Greenville Rd Greenville MI 48838(616) 225-9150,Thank you for choosing PARKER-ARNTZ PLUMBING AND HEATING INC.,null,null,null,null,null,null,null,null,null,null,null,null,null,null,NotSet,null,null,1475606437,parkerarntzplumbingandheatinginc,null,null,NotSet,2023-09-01T04:02:34.5002621Z,2022-08-10T14:14:05.8651341Z,2023-06-30T12:38:46.3203632Z,null
PARKER-ARNTZ PLUMBING AND HEATING INC.,899,true,GRE HVAC MNT COM,Parker-Arntz Plumbing & Heating Inc.,noemail@noemail.com,USD,8888888895,Parker-Arntz Plumbing & Heating Inc.6319 Greenville Rd Greenville MI 48838(616) 225-9150,Thank you for choosing PARKER-ARNTZ PLUMBING AND HEATING INC.,null,null,null,null,null,null,null,null,null,null,null,null,null,null,NotSet,null,null,1475606437,parkerarntzplumbingandheatinginc,null,null,NotSet,2023-09-01T04:02:34.5002621Z,2022-08-10T14:14:06.1800516Z,2023-08-08T19:44:06.4642124Z,null
PARKER-ARNTZ PLUMBING AND HEATING INC.,112805,true,GRE HVAC AOR COM,Parker-Arntz Plumbing & Heating Inc.,noemail@noemail.com,USD,8888888889,Parker-Arntz Plumbing & Heating Inc.6319 Greenville Rd Greenville MI 48838(616) 225-9150,Thank you for choosing PARKER-ARNTZ PLUMBING AND HEATING INC.,null,null,null,null,null,null,null,null,null,null,null,null,null,null,NotSet,null,null,1475606437,parkerarntzplumbingandheatinginc,null,null,NotSet,2023-09-01T04:02:34.5002621Z,0001-01-01T00:00:00Z,2023-06-30T12:38:18.4413677Z,null
PARKER-ARNTZ PLUMBING AND HEATING INC.,9722674,true,GRE HVAC AOR MFY,Parker-Arntz Plumbing & Heating Inc.,noemail@noemail.com,USD,8888888891,Parker-Arntz Plumbing & Heating Inc.6319 Greenville Rd Greenville MI 48838(616) 225-9150,Thank you for choosing PARKER-ARNTZ PLUMBING AND HEATING INC.,null,null,null,null,null,null,null,null,null,null,null,null,null,null,NotSet,null,null,1475606437,parkerarntzplumbingandheatinginc,null,null,NotSet,2023-09-01T04:02:34.5002621Z,2022-12-14T13:54:07.9539007Z,2023-06-30T12:38:31.9627498Z,null
PARKER-ARNTZ PLUMBING AND HEATING INC.,17074086,true,GRE HVAC MNT MFY,Parker-Arntz Plumbing & Heating Inc.,noemail@noemail.com,USD,8888888897,Parker-Arntz Plumbing & Heating Inc.6319 Greenville Rd Greenville MI 48838(616) 225-9150,Thank you for choosing PARKER-ARNTZ PLUMBING AND HEATING INC.,null,null,null,null,null,null,null,null,null,null,null,null,null,null,NotSet,null,null,1475606437,parkerarntzplumbingandheatinginc,null,null,NotSet,2023-09-01T04:02:34.5002621Z,0001-01-01T00:00:00Z,2023-08-08T19:36:06.3051869Z,null
PARKER-ARNTZ PLUMBING AND HEATING INC.,17074087,true,GRE HVAC MNT RES,Parker-Arntz Plumbing & Heating Inc.,noemail@noemail.com,USD,8888888896,Parker-Arntz Plumbing & Heating Inc.6319 Greenville Rd Greenville MI 48838(616) 225-9150,Thank you for choosing PARKER-ARNTZ PLUMBING AND HEATING INC.,null,null,null,null,null,null,null,null,null,null,null,null,null,null,NotSet,null,null,1475606437,parkerarntzplumbingandheatinginc,null,null,NotSet,2023-09-01T04:02:34.5002621Z,0001-01-01T00:00:00Z,2023-08-08T19:34:37.6476089Z,null
PARKER-ARNTZ PLUMBING AND HEATING INC.,17074088,true,GRE HVAC NCO COM,Parker-Arntz Plumbing & Heating Inc.,noemail@noemail.com,USD,8888888892,Parker-Arntz Plumbing & Heating Inc.6319 Greenville Rd Greenville MI 48838(616) 225-9150,Thank you for choosing PARKER-ARNTZ PLUMBING AND HEATING INC.,null,null,null,null,null,null,null,null,null,null,null,null,null,null,NotSet,null,null,1475606437,parkerarntzplumbingandheatinginc,null,null,NotSet,2023-09-01T04:02:34.5002621Z,0001-01-01T00:00:00Z,2023-06-30T12:40:04.0857145Z,null
PARKER-ARNTZ PLUMBING AND HEATING INC.,17074089,true,GRE HVAC NCO MFY,Parker-Arntz Plumbing & Heating Inc.,noemail@noemail.com,USD,8888888894,Parker-Arntz Plumbing & Heating Inc.6319 Greenville Rd Greenville MI 48838(616) 225-9150,Thank you for choosing PARKER-ARNTZ PLUMBING AND HEATING INC.,null,null,null,null,null,null,null,null,null,null,null,null,null,null,NotSet,null,null,1475606437,parkerarntzplumbingandheatinginc,null,null,NotSet,2023-09-01T04:02:34.5002621Z,0001-01-01T00:00:00Z,2023-06-30T12:40:19.4144453Z,null
PARKER-ARNTZ PLUMBING AND HEATING INC.,17074090,true,GRE HVAC NCO RES,Parker-Arntz Plumbing & Heating Inc.,noemail@noemail.com,USD,8888888893,Parker-Arntz Plumbing & Heating Inc.6319 Greenville Rd Greenville MI 48838(616) 225-9150,Thank you for choosing PARKER-ARNTZ PLUMBING AND HEATING INC.,null,null,null,null,null,null,null,null,null,null,null,null,null,null,NotSet,null,null,1475606437,parkerarntzplumbingandheatinginc,null,null,NotSet,2023-09-01T04:02:34.5002621Z,0001-01-01T00:00:00Z,2023-06-30T12:40:39.0423235Z,null
PARKER-ARNTZ PLUMBING AND HEATING INC.,17074091,true,GRE HVAC SRV COM,Parker-Arntz Plumbing & Heating Inc.,noemail@noemail.com,USD,8888888898,Parker-Arntz Plumbing & Heating Inc.6319 Greenville Rd Greenville MI 48838(616) 225-9150,Thank you for choosing PARKER-ARNTZ PLUMBING AND HEATING INC.,null,null,null,null,null,null,null,null,null,null,null,null,null,null,NotSet,null,null,1475606437,parkerarntzplumbingandheatinginc,null,null,NotSet,2023-09-01T04:02:34.5002621Z,0001-01-01T00:00:00Z,2023-07-05T18:30:29.6735098Z,null
PARKER-ARNTZ PLUMBING AND HEATING INC.,17074092,true,GRE HVAC SRV MFY,Parker-Arntz Plumbing & Heating Inc.,noemail@noemail.com,USD,8888888900,Parker-Arntz Plumbing & Heating Inc.6319 Greenville Rd Greenville MI 48838(616) 225-9150,Thank you for choosing PARKER-ARNTZ PLUMBING AND HEATING INC.,null,null,null,null,null,null,null,null,null,null,null,null,null,null,NotSet,null,null,1475606437,parkerarntzplumbingandheatinginc,null,null,NotSet,2023-09-01T04:02:34.5002621Z,0001-01-01T00:00:00Z,2023-07-05T18:24:08.510878Z,null
PARKER-ARNTZ PLUMBING AND HEATING INC.,17074093,true,GRE HVAC SRV RES,Parker-Arntz Plumbing & Heating Inc.,noemail@noemail.com,USD,8888888899,Parker-Arntz Plumbing & Heating Inc.6319 Greenville Rd Greenville MI 48838(616) 225-9150,Thank you for choosing PARKER-ARNTZ PLUMBING AND HEATING INC.,null,null,null,null,null,null,null,null,null,null,null,null,null,null,NotSet,null,null,1475606437,parkerarntzplumbingandheatinginc,null,null,NotSet,2023-09-01T04:02:34.5002621Z,0001-01-01T00:00:00Z,2023-07-05T18:13:00.1298242Z,null
PARKER-ARNTZ PLUMBING AND HEATING INC.,17074094,true,GRE OTHR AOR COM,Parker-Arntz Plumbing & Heating Inc.,noemail@noemail.com,USD,8888888913,Parker-Arntz Plumbing & Heating Inc.6319 Greenville Rd Greenville MI 48838(616) 225-9150,Thank you for choosing PARKER-ARNTZ PLUMBING AND HEATING INC.,null,null,null,null,null,null,null,null,null,null,null,null,null,null,NotSet,null,null,1475606437,parkerarntzplumbingandheatinginc,null,null,NotSet,2023-09-01T04:02:34.5002621Z,0001-01-01T00:00:00Z,2023-06-30T12:41:40.7281327Z,null
PARKER-ARNTZ PLUMBING AND HEATING INC.,17074095,true,GRE OTHR AOR MFY,Parker-Arntz Plumbing & Heating Inc.,noemail@noemail.com,USD,8888888915,Parker-Arntz Plumbing & Heating Inc.6319 Greenville Rd Greenville MI 48838(616) 225-9150,Thank you for choosing PARKER-ARNTZ PLUMBING AND HEATING INC.,null,null,null,null,null,null,null,null,null,null,null,null,null,null,NotSet,null,null,1475606437,parkerarntzplumbingandheatinginc,null,null,NotSet,2023-09-01T04:02:34.5002621Z,0001-01-01T00:00:00Z,2023-06-30T12:41:55.9055416Z,null
PARKER-ARNTZ PLUMBING AND HEATING INC.,17074096,true,GRE OTHR AOR RES,Parker-Arntz Plumbing & Heating Inc.,noemail@noemail.com,USD,8888888914,Parker-Arntz Plumbing & Heating Inc.6319 Greenville Rd Greenville MI 48838(616) 225-9150,Thank you for choosing PARKER-ARNTZ PLUMBING AND HEATING INC.,null,null,null,null,null,null,null,null,null,null,null,null,null,null,NotSet,null,null,1475606437,parkerarntzplumbingandheatinginc,null,null,NotSet,2023-09-01T04:02:34.5002621Z,0001-01-01T00:00:00Z,2023-06-30T12:42:12.6927795Z,null
PARKER-ARNTZ PLUMBING AND HEATING INC.,17074097,true,GRE OTHR MNT COM,Parker-Arntz Plumbing & Heating Inc.,noemail@noemail.com,USD,8888888919,Parker-Arntz Plumbing & Heating Inc.6319 Greenville Rd Greenville MI 48838(616) 225-9150,Thank you for choosing PARKER-ARNTZ PLUMBING AND HEATING INC.,null,null,null,null,null,null,null,null,null,null,null,null,null,null,NotSet,null,null,1475606437,parkerarntzplumbingandheatinginc,null,null,NotSet,2023-09-01T04:02:34.5002621Z,0001-01-01T00:00:00Z,2023-08-08T19:47:58.6865607Z,null
PARKER-ARNTZ PLUMBING AND HEATING INC.,17074098,true,GRE OTHR MNT MFY,Parker-Arntz Plumbing & Heating Inc.,noemail@noemail.com,USD,8888888921,Parker-Arntz Plumbing & Heating Inc.6319 Greenville Rd Greenville MI 48838(616) 225-9150,Thank you for choosing PARKER-ARNTZ PLUMBING AND HEATING INC.,null,null,null,null,null,null,null,null,null,null,null,null,null,null,NotSet,null,null,1475606437,parkerarntzplumbingandheatinginc,null,null,NotSet,2023-09-01T04:02:34.5002621Z,0001-01-01T00:00:00Z,2023-08-08T19:43:22.5606548Z,null
PARKER-ARNTZ PLUMBING AND HEATING INC.,17074099,true,GRE OTHR MNT RES,Parker-Arntz Plumbing & Heating Inc.,noemail@noemail.com,USD,8888888920,Parker-Arntz Plumbing & Heating Inc.6319 Greenville Rd Greenville MI 48838(616) 225-9150,Thank you for choosing PARKER-ARNTZ PLUMBING AND HEATING INC.,null,null,null,null,null,null,null,null,null,null,null,null,null,null,NotSet,null,null,1475606437,parkerarntzplumbingandheatinginc,null,null,NotSet,2023-09-01T04:02:34.5002621Z,0001-01-01T00:00:00Z,2023-08-08T19:35:38.8349056Z,null
PARKER-ARNTZ PLUMBING AND HEATING INC.,17074100,true,GRE OTHR NCO COM,Parker-Arntz Plumbing & Heating Inc.,noemail@noemail.com,USD,8888888916,Parker-Arntz Plumbing & Heating Inc.6319 Greenville Rd Greenville MI 48838(616) 225-9150,Thank you for choosing PARKER-ARNTZ PLUMBING AND HEATING INC.,null,null,null,null,null,null,null,null,null,null,null,null,null,null,NotSet,null,null,1475606437,parkerarntzplumbingandheatinginc,null,null,NotSet,2023-09-01T04:02:34.5002621Z,0001-01-01T00:00:00Z,2023-06-30T12:43:14.2140536Z,null
PARKER-ARNTZ PLUMBING AND HEATING INC.,17074101,true,GRE OTHR NCO MFY,Parker-Arntz Plumbing & Heating Inc.,noemail@noemail.com,USD,8888888918,Parker-Arntz Plumbing & Heating Inc.6319 Greenville Rd Greenville MI 48838(616) 225-9150,Thank you for choosing PARKER-ARNTZ PLUMBING AND HEATING INC.,null,I hereby authorize Parker-Arntz Plumbing and Heating to complete the above work in the amount of {Total} to be performed.,I have inspected all of the work done by {TechnicianName}. I find that all work has been completed in a satisfactory and workmanlike manner. I have been given the opportunity to address concerns and/or discrepancies in the work provided and I either have no such concerns or have found no discrepancies or they have been addressed to my satisfaction. My signature here signifies my full and final acceptance of all work performed by the contractor pursuant to the contract as agreed.,null,null,null,null,null,null,null,null,null,null,null,NotSet,null,null,1475606437,parkerarntzplumbingandheatinginc,null,null,NotSet,2023-09-01T04:02:34.5002621Z,0001-01-01T00:00:00Z,2023-06-30T12:43:27.1735533Z,null
PARKER-ARNTZ PLUMBING AND HEATING INC.,17074102,true,GRE OTHR NCO RES,Parker-Arntz Plumbing & Heating Inc.,noemail@noemail.com,USD,8888888917,Parker-Arntz Plumbing & Heating Inc.6319 Greenville Rd Greenville MI 48838(616) 225-9150,Thank you for choosing PARKER-ARNTZ PLUMBING AND HEATING INC.,null,null,null,null,null,null,null,null,null,null,null,null,null,null,NotSet,null,null,1475606437,parkerarntzplumbingandheatinginc,null,null,NotSet,2023-09-01T04:02:34.5002621Z,0001-01-01T00:00:00Z,2023-06-30T12:43:40.3313076Z,null
PARKER-ARNTZ PLUMBING AND HEATING INC.,17074103,true,GRE OTHR SRV COM,Parker-Arntz Plumbing & Heating Inc.,noemail@noemail.com,USD,8888888922,Parker-Arntz Plumbing & Heating Inc.6319 Greenville Rd Greenville MI 48838(616) 225-9150,Thank you for choosing PARKER-ARNTZ PLUMBING AND HEATING INC.,null,null,null,null,null,null,null,null,null,null,null,null,null,null,NotSet,null,null,1475606437,parkerarntzplumbingandheatinginc,null,null,NotSet,2023-09-01T04:02:34.5002621Z,0001-01-01T00:00:00Z,2023-07-05T18:29:49.1665328Z,null
PARKER-ARNTZ PLUMBING AND HEATING INC.,17074104,true,GRE OTHR SRV MFY,Parker-Arntz Plumbing & Heating Inc.,noemail@noemail.com,USD,8888888924,Parker-Arntz Plumbing & Heating Inc.6319 Greenville Rd Greenville MI 48838(616) 225-9150,Thank you for choosing PARKER-ARNTZ PLUMBING AND HEATING INC.,null,null,null,null,null,null,null,null,null,null,null,null,null,null,NotSet,null,null,1475606437,parkerarntzplumbingandheatinginc,null,null,NotSet,2023-09-01T04:02:34.5002621Z,0001-01-01T00:00:00Z,2023-07-05T18:23:31.2469132Z,null
PARKER-ARNTZ PLUMBING AND HEATING INC.,17074105,true,GRE OTHR SRV RES,Parker-Arntz Plumbing & Heating Inc.,noemail@noemail.com,USD,8888888923,Parker-Arntz Plumbing & Heating Inc.6319 Greenville Rd Greenville MI 48838(616) 225-9150,Thank you for choosing PARKER-ARNTZ PLUMBING AND HEATING INC.,null,null,null,null,null,null,null,null,null,null,null,null,null,null,NotSet,null,null,1475606437,parkerarntzplumbingandheatinginc,null,null,NotSet,2023-09-01T04:02:34.5002621Z,0001-01-01T00:00:00Z,2023-07-05T18:11:24.3272374Z,null
PARKER-ARNTZ PLUMBING AND HEATING INC.,17074106,true,GRE PLUM AOR COM,Parker-Arntz Plumbing & Heating Inc.,noemail@noemail.com,USD,8888888901,Parker-Arntz Plumbing & Heating Inc.6319 Greenville Rd Greenville MI 48838(616) 225-9150,Thank you for choosing PARKER-ARNTZ PLUMBING AND HEATING INC.,null,null,null,null,null,null,null,null,null,null,null,null,null,null,NotSet,null,null,1475606437,parkerarntzplumbingandheatinginc,null,null,NotSet,2023-09-01T04:02:34.5002621Z,0001-01-01T00:00:00Z,2023-06-30T12:44:50.0513091Z,null
PARKER-ARNTZ PLUMBING AND HEATING INC.,17074107,true,GRE PLUM AOR MFY,Parker-Arntz Plumbing & Heating Inc.,noemail@noemail.com,USD,8888888903,Parker-Arntz Plumbing & Heating Inc.6319 Greenville Rd Greenville MI 48838(616) 225-9150,Thank you for choosing PARKER-ARNTZ PLUMBING AND HEATING INC.,null,null,null,null,null,null,null,null,null,null,null,null,null,null,NotSet,null,null,1475606437,parkerarntzplumbingandheatinginc,null,null,NotSet,2023-09-01T04:02:34.5002621Z,0001-01-01T00:00:00Z,2023-06-30T12:45:14.308365Z,null
PARKER-ARNTZ PLUMBING AND HEATING INC.,17074108,true,GRE PLUM AOR RES,Parker-Arntz Plumbing & Heating Inc.,noemail@noemail.com,USD,8888888902,Parker-Arntz Plumbing & Heating Inc.6319 Greenville Rd Greenville MI 48838(616) 225-9150,Thank you for choosing PARKER-ARNTZ PLUMBING AND HEATING INC.,null,null,null,null,null,null,null,null,null,null,null,null,null,null,NotSet,null,null,1475606437,parkerarntzplumbingandheatinginc,null,null,NotSet,2023-09-01T04:02:34.5002621Z,0001-01-01T00:00:00Z,2023-06-30T12:45:38.2127057Z,null
PARKER-ARNTZ PLUMBING AND HEATING INC.,17074109,true,GRE PLUM MNT COM,Parker-Arntz Plumbing & Heating Inc.,noemail@noemail.com,USD,8888888907,Parker-Arntz Plumbing & Heating Inc.6319 Greenville Rd Greenville MI 48838(616) 225-9150,Thank you for choosing PARKER-ARNTZ PLUMBING AND HEATING INC.,null,null,null,null,null,null,null,null,null,null,null,null,null,null,NotSet,null,null,1475606437,parkerarntzplumbingandheatinginc,null,null,NotSet,2023-09-01T04:02:34.5002621Z,0001-01-01T00:00:00Z,2023-08-08T19:45:31.3000014Z,null
PARKER-ARNTZ PLUMBING AND HEATING INC.,17074110,true,GRE PLUM MNT MFY,Parker-Arntz Plumbing & Heating Inc.,noemail@noemail.com,USD,8888888909,Parker-Arntz Plumbing & Heating Inc.6319 Greenville Rd Greenville MI 48838(616) 225-9150,Thank you for choosing PARKER-ARNTZ PLUMBING AND HEATING INC.,null,null,null,null,null,null,null,null,null,null,null,null,null,null,NotSet,null,null,1475606437,parkerarntzplumbingandheatinginc,null,null,NotSet,2023-09-01T04:02:34.5002621Z,0001-01-01T00:00:00Z,2023-08-08T19:37:24.9473387Z,null
PARKER-ARNTZ PLUMBING AND HEATING INC.,17074111,true,GRE PLUM MNT RES,Parker-Arntz Plumbing & Heating Inc.,noemail@noemail.com,USD,8888888908,Parker-Arntz Plumbing & Heating Inc.6319 Greenville Rd Greenville MI 48838(616) 225-9150,Thank you for choosing PARKER-ARNTZ PLUMBING AND HEATING INC.,null,null,null,null,null,null,null,null,null,null,null,null,null,null,NotSet,null,null,1475606437,parkerarntzplumbingandheatinginc,null,null,NotSet,2023-09-01T04:02:34.5002621Z,0001-01-01T00:00:00Z,2023-08-08T19:35:15.0963672Z,null
PARKER-ARNTZ PLUMBING AND HEATING INC.,17074112,true,GRE PLUM NCO COM,Parker-Arntz Plumbing & Heating Inc.,noemail@noemail.com,USD,8888888904,Parker-Arntz Plumbing & Heating Inc.6319 Greenville Rd Greenville MI 48838(616) 225-9150,Thank you for choosing PARKER-ARNTZ PLUMBING AND HEATING INC.,null,null,null,null,null,null,null,null,null,null,null,null,null,null,NotSet,null,null,1475606437,parkerarntzplumbingandheatinginc,null,null,NotSet,2023-09-01T04:02:34.5002621Z,0001-01-01T00:00:00Z,2023-06-30T12:47:03.4556067Z,null
PARKER-ARNTZ PLUMBING AND HEATING INC.,17074113,true,GRE PLUM NCO MFY,Parker-Arntz Plumbing & Heating Inc.,noemail@noemail.com,USD,8888888906,Parker-Arntz Plumbing & Heating Inc.6319 Greenville Rd Greenville MI 48838(616) 225-9150,Thank you for choosing PARKER-ARNTZ PLUMBING AND HEATING INC.,null,null,null,null,null,null,null,null,null,null,null,null,null,null,NotSet,null,null,1475606437,parkerarntzplumbingandheatinginc,null,null,NotSet,2023-09-01T04:02:34.5002621Z,0001-01-01T00:00:00Z,2023-06-30T12:47:19.5931879Z,null
PARKER-ARNTZ PLUMBING AND HEATING INC.,17074114,true,GRE PLUM NCO RES,Parker-Arntz Plumbing & Heating Inc.,noemail@noemail.com,USD,8888888905,Parker-Arntz Plumbing & Heating Inc.6319 Greenville Rd Greenville MI 48838(616) 225-9150,Thank you for choosing PARKER-ARNTZ PLUMBING AND HEATING INC.,null,null,null,null,null,null,null,null,null,null,null,null,null,null,NotSet,null,null,1475606437,parkerarntzplumbingandheatinginc,null,null,NotSet,2023-09-01T04:02:34.5002621Z,0001-01-01T00:00:00Z,2023-06-30T12:47:34.6878715Z,null
PARKER-ARNTZ PLUMBING AND HEATING INC.,17074115,true,GRE PLUM SRV COM,Parker-Arntz Plumbing & Heating Inc.,noemail@noemail.com,USD,8888888910,Parker-Arntz Plumbing & Heating Inc.6319 Greenville Rd Greenville MI 48838(616) 225-9150,Thank you for choosing PARKER-ARNTZ PLUMBING AND HEATING INC.,null,null,null,null,null,null,null,null,null,null,null,null,null,null,NotSet,null,null,1475606437,parkerarntzplumbingandheatinginc,null,null,NotSet,2023-09-01T04:02:34.5002621Z,0001-01-01T00:00:00Z,2023-07-05T18:30:37.6779793Z,null
PARKER-ARNTZ PLUMBING AND HEATING INC.,17074116,true,GRE PLUM SRV MFY,Parker-Arntz Plumbing & Heating Inc.,noemail@noemail.com,USD,8888888912,Parker-Arntz Plumbing & Heating Inc.6319 Greenville Rd Greenville MI 48838(616) 225-9150,Thank you for choosing PARKER-ARNTZ PLUMBING AND HEATING INC.,null,null,null,null,null,null,null,null,null,null,null,null,null,null,NotSet,null,null,1475606437,parkerarntzplumbingandheatinginc,null,null,NotSet,2023-09-01T04:02:34.5002621Z,0001-01-01T00:00:00Z,2023-07-05T18:24:15.1969293Z,null
PARKER-ARNTZ PLUMBING AND HEATING INC.,17074117,true,GRE PLUM SRV RES,Parker-Arntz Plumbing & Heating Inc.,noemail@noemail.com,USD,8888888911,Parker-Arntz Plumbing & Heating Inc.6319 Greenville Rd Greenville MI 48838(616) 225-9150,Thank you for choosing PARKER-ARNTZ PLUMBING AND HEATING INC.,null,null,null,null,null,null,null,null,null,null,null,null,null,null,NotSet,null,null,1475606437,parkerarntzplumbingandheatinginc,null,null,NotSet,2023-09-01T04:02:34.5002621Z,0001-01-01T00:00:00Z,2023-07-05T18:13:07.9868195Z,null
PARKER-ARNTZ PLUMBING AND HEATING INC.,35405856,true,GRE ADMN GEN OFF,Parker-Arntz Plumbing & Heating Inc.,noemail@noemail.com,USD,(888) 888-8888,Parker-Arntz Plumbing & Heating Inc.6319 Greenville Rd Greenville MI 48838(616) 225-9150,Thank you for choosing PARKER-ARNTZ PLUMBING AND HEATING INC.,null,null,null,null,null,null,null,null,null,null,null,null,null,null,NotSet,null,null,1475606437,parkerarntzplumbingandheatinginc,null,null,NotSet,2023-09-01T04:02:34.5002621Z,2023-04-21T13:57:51.4907205Z,2023-06-30T12:37:57.5235588Z,null
Family Heating & Cooling Co LLC,11152547,true,FAM HVAC AOR COM,Family Plumbing & Heating ,office@familycomfortsystems.com,USD,(989) 732-8099,Family Plumbing & Heating 519 W 2nd St Gaylord MI 49735 United States(989) 732-8099,Thank you for choosing Family Plumbing & Heating,null,null,null,null,null,null,null,null,null,null,null,null,null,null,NotSet,null,null,1056112968,familyheatingcoolingco,null,null,NotSet,2023-09-19T03:29:44.9391047Z,2023-05-23T15:15:29.8112181Z,2023-07-13T18:07:34.6761132Z,null
Family Heating & Cooling Co LLC,11156642,true,HAN HVAC AOR COM,Hank's Heating & Cooling,hanks@familycomfortsystems.com,USD,(231) 373-9833,Hank's Heating & CoolingP.O. Box 566 Petoskey MI 49770 United States(231) 373-9833,Thank you for choosing Hank's Heating & Cooling,null,null,null,null,null,null,null,null,null,null,null,null,null,null,NotSet,null,null,1056112968,familyheatingcoolingco,null,null,NotSet,2023-09-19T03:29:44.9391047Z,2023-05-23T16:37:15.399147Z,2023-07-06T18:20:05.5960819Z,null
Family Heating & Cooling Co LLC,11156773,true,SPR HVAC AOR COM,Family North Plumbing and Heating,familynorth@familycomfortsystems.com,USD,(231) 627-4526,Family North Plumbing &amp; Heating519 W 2nd StreetGaylord Michigan 49735(231) 627-4526,Thank you for choosing Family Plumbing & Heating,null,null,null,null,null,null,null,null,null,null,null,null,null,null,NotSet,null,null,1056112968,familyheatingcoolingco,null,null,NotSet,2023-09-19T03:29:44.9391047Z,2023-05-23T16:53:12.3353516Z,2023-09-18T21:53:08.646089Z,null
Family Heating & Cooling Co LLC,11157153,true,KNL HVAC NCO COM,K&L Plumbing and Heating,kandloffice@familycomfortsystems.com,USD,(231) 347-8637,K&L Plumbing & Heating4936 E Bear River Rd Boyne Falls MI 49713 United States(231) 347-8637,Thank you for choosing K&L Plumbing and Heating,null,null,null,null,null,null,null,null,null,null,null,null,null,null,NotSet,null,null,1056112968,familyheatingcoolingco,null,null,NotSet,2023-09-19T03:29:44.9391047Z,2023-05-23T17:01:29.4253006Z,2023-09-15T19:51:17.4136196Z,null
Family Heating & Cooling Co LLC,13107264,true,FAM HVAC AOR RES,Family Plumbing & Heating ,office@familycomfortsystems.com,USD,9897328099,Family Plumbing & Heating 519 W 2nd St Gaylord MI 49735 United States(989) 732-8099,Thank you for choosing Family Plumbing & Heating,null,null,null,null,null,null,null,null,null,null,null,null,null,null,NotSet,null,null,1056112968,familyheatingcoolingco,null,null,NotSet,2023-09-19T03:29:44.9391047Z,0001-01-01T00:00:00Z,2023-07-13T18:07:48.9721267Z,null
Family Heating & Cooling Co LLC,13107265,true,FAM HVAC MNT COM,Family Plumbing & Heating ,office@familycomfortsystems.com,USD,9897328099,Family Plumbing & Heating 519 W 2nd St Gaylord MI 49735 United States(989) 732-8099,Thank you for choosing Family Plumbing & Heating,null,null,null,null,null,null,null,null,null,null,null,null,null,null,NotSet,null,null,1056112968,familyheatingcoolingco,null,null,NotSet,2023-09-19T03:29:44.9391047Z,0001-01-01T00:00:00Z,2023-07-13T18:08:03.9857759Z,null
Family Heating & Cooling Co LLC,13107267,true,FAM HVAC MNT RES,Family Plumbing & Heating ,office@familycomfortsystems.com,USD,9897328099,Family Plumbing & Heating 519 W 2nd St Gaylord MI 49735 United States(989) 732-8099,Thank you for choosing Family Plumbing & Heating,null,null,null,null,null,null,null,null,null,null,null,null,null,null,NotSet,null,null,1056112968,familyheatingcoolingco,null,null,NotSet,2023-09-19T03:29:44.9391047Z,0001-01-01T00:00:00Z,2023-08-11T06:08:08.3331268Z,null
Family Heating & Cooling Co LLC,13107268,true,FAM HVAC SRV COM,Family Plumbing & Heating ,office@familycomfortsystems.com,USD,9897328099,Family Plumbing & Heating Co Inc519 W 2nd St Gaylord MI 49735 United States(989) 732-8099,Thank you for choosing Family Plumbing & Heating,null,null,null,null,null,null,null,null,null,null,null,null,null,null,NotSet,null,null,1056112968,familyheatingcoolingco,null,null,NotSet,2023-09-19T03:29:44.9391047Z,0001-01-01T00:00:00Z,2023-08-23T14:47:43.2064531Z,null
Family Heating & Cooling Co LLC,13107270,true,FAM HVAC SRV RES,Family Plumbing & Heating ,office@familycomfortsystems.com,USD,9897328099,Family Plumbing & Heating 519 W 2nd St Gaylord MI 49735 United States(989) 732-8099,Thank you for choosing Family Plumbing & Heating,null,null,null,null,null,null,null,null,null,null,null,null,null,null,NotSet,null,null,1056112968,familyheatingcoolingco,null,null,NotSet,2023-09-19T03:29:44.9391047Z,0001-01-01T00:00:00Z,2023-07-13T18:09:46.3741359Z,null
Family Heating & Cooling Co LLC,13107271,true,FAM PLUM AOR COM,Family Plumbing & Heating ,office@familycomfortsystems.com,USD,9897328099,Family Plumbing & Heating 519 W 2nd St Gaylord MI 49735 United States(989) 732-8099,Thank you for choosing Family Plumbing & Heating,null,null,null,null,null,null,null,null,null,null,null,null,null,null,NotSet,null,null,1056112968,familyheatingcoolingco,null,null,NotSet,2023-09-19T03:29:44.9391047Z,0001-01-01T00:00:00Z,2023-07-13T18:10:11.3338804Z,null
Family Heating & Cooling Co LLC,13107273,true,FAM PLUM AOR RES,Family Plumbing & Heating ,office@familycomfortsystems.com,USD,9897328099,Family Plumbing & Heating 519 W 2nd St Gaylord MI 49735 United States(989) 732-8099,Thank you for choosing Family Plumbing & Heating,null,null,null,null,null,null,null,null,null,null,null,null,null,null,NotSet,null,null,1056112968,familyheatingcoolingco,null,null,NotSet,2023-09-19T03:29:44.9391047Z,0001-01-01T00:00:00Z,2023-07-13T18:10:26.7700802Z,null
Family Heating & Cooling Co LLC,13107274,true,FAM PLUM MNT COM,Family Plumbing & Heating ,office@familycomfortsystems.com,USD,9897328099,Family Plumbing & Heating 519 W 2nd St Gaylord MI 49735 United States(989) 732-8099,Thank you for choosing Family Plumbing & Heating,null,null,null,null,null,null,null,null,null,null,null,null,null,null,NotSet,null,null,1056112968,familyheatingcoolingco,null,null,NotSet,2023-09-19T03:29:44.9391047Z,0001-01-01T00:00:00Z,2023-07-13T18:09:24.4849293Z,null
Family Heating & Cooling Co LLC,13107276,true,FAM PLUM MNT RES,Family Plumbing & Heating ,office@familycomfortsystems.com,USD,9897328099,Family Plumbing & Heating519 W 2nd St Gaylord MI 49735 United States(989) 732-8099,Thank you for choosing Family Plumbing & Heating,null,null,null,null,null,null,null,null,null,null,null,null,null,null,NotSet,null,null,1056112968,familyheatingcoolingco,null,null,NotSet,2023-09-19T03:29:44.9391047Z,0001-01-01T00:00:00Z,2023-08-11T05:09:20.7038985Z,null
Family Heating & Cooling Co LLC,13107277,true,FAM PLUM SRV COM,Family Plumbing & Heating,office@familycomfortsystems.com,USD,9897328099,Family Plumbing & Heating519 W 2nd St Gaylord MI 49735 United States(989) 732-8099,Thank you for choosing Family Plumbing & Heating,null,null,null,null,null,null,null,null,null,null,null,null,null,null,NotSet,null,null,1056112968,familyheatingcoolingco,null,null,NotSet,2023-09-19T03:29:44.9391047Z,0001-01-01T00:00:00Z,2023-07-13T18:06:58.2120186Z,null
Family Heating & Cooling Co LLC,13107279,true,FAM PLUM SRV RES,Family Plumbing & Heating,office@familycomfortsystems.com,USD,9897328099,Family Plumbing & Heating519 W 2nd St Gaylord MI 49735 United States(989) 732-8099,Thank you for choosing Family Plumbing & Heating,null,null,null,null,null,null,null,null,null,null,null,null,null,null,NotSet,null,null,1056112968,familyheatingcoolingco,null,null,NotSet,2023-09-19T03:29:44.9391047Z,0001-01-01T00:00:00Z,2023-07-13T18:06:28.0108157Z,null
Family Heating & Cooling Co LLC,13107281,true,HAN HVAC AOR RES,Hank's Heating & Cooling,hanks@familycomfortsystems.com,USD,2313739833,Hank's Heating & CoolingP.O. Box 566 Petoskey MI 49770 United States(231) 373-9833,Thank you for choosing Hank's Heating & Cooling,null,null,null,null,null,null,null,null,null,null,null,null,null,null,NotSet,null,null,1056112968,familyheatingcoolingco,null,null,NotSet,2023-09-19T03:29:44.9391047Z,0001-01-01T00:00:00Z,2023-07-06T18:21:07.0543429Z,null
Family Heating & Cooling Co LLC,13107282,true,HAN HVAC MNT COM,Hank's Heating & Cooling,hanks@familycomfortsystems.com,USD,2313739833,Hank's Heating & CoolingP.O. Box 566 Petoskey MI 49770 United States(231) 373-9833,Thank you for choosing Hank's Heating & Cooling,null,null,null,null,null,null,null,null,null,null,null,null,null,null,NotSet,null,null,1056112968,familyheatingcoolingco,null,null,NotSet,2023-09-19T03:29:44.9391047Z,0001-01-01T00:00:00Z,2023-07-06T18:21:27.8828084Z,null
Family Heating & Cooling Co LLC,13107284,true,HAN HVAC MNT RES,Hank's Heating & Cooling,hanks@familycomfortsystems.com,USD,2313739833,Hank's Heating & CoolingP.O. Box 566 Petoskey MI 49770 United States(231) 373-9833,Thank you for choosing Hank's Heating & Cooling,null,null,null,null,null,null,null,null,null,null,null,null,null,null,NotSet,null,null,1056112968,familyheatingcoolingco,null,null,NotSet,2023-09-19T03:29:44.9391047Z,0001-01-01T00:00:00Z,2023-08-11T06:09:08.095361Z,null
Family Heating & Cooling Co LLC,13107285,true,HAN HVAC SRV COM,Hank's Heating & Cooling,hanks@familycomfortsystems.com,USD,2313739833,Hank's Heating & CoolingP.O. Box 566 Petoskey MI 49770 United States(231) 373-9833,Thank you for choosing Hank's Heating & Cooling,null,null,null,null,null,null,null,null,null,null,null,null,null,null,NotSet,null,null,1056112968,familyheatingcoolingco,null,null,NotSet,2023-09-19T03:29:44.9391047Z,0001-01-01T00:00:00Z,2023-07-06T18:35:51.9775339Z,null
Family Heating & Cooling Co LLC,13107287,true,HAN HVAC SRV RES,Hank's Heating & Cooling,hanks@familycomfortsystems.com,USD,2313739833,Hank's Heating & CoolingP.O. Box 566 Petoskey MI 49770 United States(231) 373-9833,Thank you for choosing Hank's Heating & Cooling,null,null,null,null,null,null,null,null,null,null,null,null,null,null,NotSet,null,null,1056112968,familyheatingcoolingco,null,null,NotSet,2023-09-19T03:29:44.9391047Z,0001-01-01T00:00:00Z,2023-07-06T18:36:23.1224983Z,null
Family Heating & Cooling Co LLC,13107288,true,HAN PLUM AOR COM,Hank's Heating & Cooling,hanks@familycomfortsystems.com,USD,2313739833,Hank's Heating & CoolingP.O. Box 566 Petoskey MI 49770 United States(231) 373-9833,Thank you for choosing Hank's Heating & Cooling,null,null,null,null,null,null,null,null,null,null,null,null,null,null,NotSet,null,null,1056112968,familyheatingcoolingco,null,null,NotSet,2023-09-19T03:29:44.9391047Z,0001-01-01T00:00:00Z,2023-07-06T18:45:47.9216502Z,null
Family Heating & Cooling Co LLC,13107290,true,HAN PLUM AOR RES,Hank's Heating & Cooling,hanks@familycomfortsystems.com,USD,2313739833,Hank's Heating & CoolingP.O. Box 566 Petoskey MI 49770 United States(231) 373-9833,Thank you for choosing Hank's Heating & Cooling,null,null,null,null,null,null,null,null,null,null,null,null,null,null,NotSet,null,null,1056112968,familyheatingcoolingco,null,null,NotSet,2023-09-19T03:29:44.9391047Z,0001-01-01T00:00:00Z,2023-07-06T18:46:22.8070372Z,null
Family Heating & Cooling Co LLC,13107291,true,HAN PLUM MNT COM,Hank's Heating & Cooling,hanks@familycomfortsystems.com,USD,2313739833,Hank's Heating & CoolingP.O. Box 566 Petoskey MI 49770 United States(231) 373-9833,Thank you for choosing Hank's Heating & Cooling,null,null,null,null,null,null,null,null,null,null,null,null,null,null,NotSet,null,null,1056112968,familyheatingcoolingco,null,null,NotSet,2023-09-19T03:29:44.9391047Z,0001-01-01T00:00:00Z,2023-07-06T18:47:02.795934Z,null
Family Heating & Cooling Co LLC,13107293,true,HAN PLUM MNT RES,Hank's Heating & Cooling,hanks@familycomfortsystems.com,USD,2313739833,Hank's Heating & CoolingP.O. Box 566 Petoskey MI 49770 United States(231) 373-9833,Thank you for choosing Hank's Heating & Cooling,null,null,null,null,null,null,null,null,null,null,null,null,null,null,NotSet,null,null,1056112968,familyheatingcoolingco,null,null,NotSet,2023-09-19T03:29:44.9391047Z,0001-01-01T00:00:00Z,2023-08-11T05:09:36.2585114Z,null
Family Heating & Cooling Co LLC,13107294,true,HAN PLUM SRV COM,Hank's Heating & Cooling,hanks@familycomfortsystems.com,USD,2313739833,Hank's Heating & CoolingP.O. Box 566 Petoskey MI 49770 United States(231) 373-9833,Thank you for choosing Hank's Heating & Cooling,null,null,null,null,null,null,null,null,null,null,null,null,null,null,NotSet,null,null,1056112968,familyheatingcoolingco,null,null,NotSet,2023-09-19T03:29:44.9391047Z,0001-01-01T00:00:00Z,2023-07-06T18:51:10.3584476Z,null
Family Heating & Cooling Co LLC,13107296,true,HAN PLUM SRV RES,Hank's Heating & Cooling,hanks@familycomfortsystems.com,USD,2313739833,Hank's Heating & CoolingP.O. Box 566 Petoskey MI 49770 United States(231) 373-9833,Thank you for choosing Hank's Heating & Cooling,null,null,null,null,null,null,null,null,null,null,null,null,null,null,NotSet,null,null,1056112968,familyheatingcoolingco,null,null,NotSet,2023-09-19T03:29:44.9391047Z,0001-01-01T00:00:00Z,2023-07-06T18:51:40.751524Z,null
Family Heating & Cooling Co LLC,13107298,true,KNL HVAC NCO RES,K&L Plumbing and Heating,kandloffice@familycomfortsystems.com,USD,2313478637,K&L Plumbing & Heating4936 E Bear River Rd Boyne Falls MI 49713 United States(231) 347-8637,Thank you for choosing K&L Plumbing and Heating,null,null,null,null,null,null,null,null,null,null,null,null,null,null,NotSet,null,null,1056112968,familyheatingcoolingco,null,null,NotSet,2023-09-19T03:29:44.9391047Z,0001-01-01T00:00:00Z,2023-09-15T19:51:17.4136663Z,null
Family Heating & Cooling Co LLC,13107302,true,KNL PLUM NCO COM,K&L Plumbing and Heating,kandloffice@familycomfortsystems.com,USD,2313478637,K&L Plumbing & Heating4936 E Bear River Rd Boyne Falls MI 49713 United States(231) 347-8637,Thank you for choosing K&L Plumbing and Heating,null,null,null,null,null,null,null,null,null,null,null,null,null,null,NotSet,null,null,1056112968,familyheatingcoolingco,null,null,NotSet,2023-09-19T03:29:44.9391047Z,0001-01-01T00:00:00Z,2023-09-15T17:49:46.1418407Z,null
Family Heating & Cooling Co LLC,13107304,true,KNL PLUM NCO RES,K&L Plumbing and Heating,kandloffice@familycomfortsystems.com,USD,2313478637,K&L Plumbing & Heating4936 E Bear River Rd Boyne Falls MI 49713 United States(231) 347-8637,Thank you for choosing K&L Plumbing and Heating,null,null,null,null,null,null,null,null,null,null,null,null,null,null,NotSet,null,null,1056112968,familyheatingcoolingco,null,null,NotSet,2023-09-19T03:29:44.9391047Z,0001-01-01T00:00:00Z,2023-09-15T17:49:46.1418872Z,null
Family Heating & Cooling Co LLC,13107306,true,SPR HVAC AOR RES,Family North Plumbing and Heating,familynorth@familycomfortsystems.com,USD,2316274526,Family North Plumbing &amp; Heating519 W 2nd StreetGaylord Michigan 49735(231) 627-4526,Thank you for choosing Family Plumbing & Heating,null,null,null,null,null,null,null,null,null,null,null,null,null,null,NotSet,null,null,1056112968,familyheatingcoolingco,null,null,NotSet,2023-09-19T03:29:44.9391047Z,0001-01-01T00:00:00Z,2023-09-18T21:53:08.6884754Z,null
Family Heating & Cooling Co LLC,13107307,true,SPR HVAC MNT COM,Family North Plumbing and Heating,familynorth@familycomfortsystems.com,USD,2316274526,Family North Plumbing &amp; Heating519 W 2nd StreetGaylord Michigan 49735(231) 627-4526,Thank you for choosing Family Plumbing & Heating,null,null,null,null,null,null,null,null,null,null,null,null,null,null,NotSet,null,null,1056112968,familyheatingcoolingco,null,null,NotSet,2023-09-19T03:29:44.9391047Z,0001-01-01T00:00:00Z,2023-09-18T21:53:08.7132089Z,null
Family Heating & Cooling Co LLC,13107309,true,SPR HVAC MNT RES,Family North Plumbing and Heating,familynorth@familycomfortsystems.com,USD,2316274526,Family North Plumbing &amp; Heating519 W 2nd StreetGaylord Michigan 49735(231) 627-4526,Thank you for choosing Family Plumbing & Heating,null,null,null,null,null,null,null,null,null,null,null,null,null,null,NotSet,null,null,1056112968,familyheatingcoolingco,null,null,NotSet,2023-09-19T03:29:44.9391047Z,0001-01-01T00:00:00Z,2023-09-18T21:53:08.7341146Z,null
Family Heating & Cooling Co LLC,13107310,true,SPR HVAC SRV COM,Family North Plumbing and Heating,familynorth@familycomfortsystems.com,USD,2316274526,Family North Plumbing &amp; Heating519 W 2nd StreetGaylord Michigan 49735(231) 627-4526,Thank you for choosing Family Plumbing & Heating,null,null,null,null,null,null,null,null,null,null,null,null,null,null,NotSet,null,null,1056112968,familyheatingcoolingco,null,null,NotSet,2023-09-19T03:29:44.9391047Z,0001-01-01T00:00:00Z,2023-09-18T21:53:08.7553507Z,null
Family Heating & Cooling Co LLC,13107312,true,SPR HVAC SRV RES,Family North Plumbing and Heating,familynorth@familycomfortsystems.com,USD,2316274526,Family North Plumbing & Heating519 W 2nd StreetGaylord Michigan 49735(231) 627-4526,Thank you for choosing Family Plumbing & Heating,null,null,null,null,null,null,null,null,null,null,null,null,null,null,NotSet,null,null,1056112968,familyheatingcoolingco,null,null,NotSet,2023-09-19T03:29:44.9391047Z,0001-01-01T00:00:00Z,2023-09-19T19:06:39.1356182Z,null
Family Heating & Cooling Co LLC,13107313,true,SPR PLUM AOR COM,Family North Plumbing and Heating,familynorth@familycomfortsystems.com,USD,2316274526,Family North Plumbing &amp; Heating519 W 2nd StreetGaylord Michigan 49735(231) 627-4526,Thank you for choosing Family Plumbing & Heating,null,null,null,null,null,null,null,null,null,null,null,null,null,null,NotSet,null,null,1056112968,familyheatingcoolingco,null,null,NotSet,2023-09-19T03:29:44.9391047Z,0001-01-01T00:00:00Z,2023-09-18T21:53:08.8103498Z,null
Family Heating & Cooling Co LLC,13107315,true,SPR PLUM AOR RES,Family North Plumbing and Heating,familynorth@familycomfortsystems.com,USD,2316274526,Family North Plumbing &amp; Heating519 W 2nd StreetGaylord Michigan 49735(231) 627-4526,Thank you for choosing Family Plumbing & Heating,null,null,null,null,null,null,null,null,null,null,null,null,null,null,NotSet,null,null,1056112968,familyheatingcoolingco,null,null,NotSet,2023-09-19T03:29:44.9391047Z,0001-01-01T00:00:00Z,2023-09-18T21:53:08.8359461Z,null
Family Heating & Cooling Co LLC,13107316,true,SPR PLUM MNT COM,Family North Plumbing and Heating,familynorth@familycomfortsystems.com,USD,2316274526,Family North Plumbing &amp; Heating519 W 2nd StreetGaylord Michigan 49735(231) 627-4526,Thank you for choosing Family Plumbing & Heating,null,null,null,null,null,null,null,null,null,null,null,null,null,null,NotSet,null,null,1056112968,familyheatingcoolingco,null,null,NotSet,2023-09-19T03:29:44.9391047Z,0001-01-01T00:00:00Z,2023-09-18T21:53:08.8609077Z,null
Family Heating & Cooling Co LLC,13107318,true,SPR PLUM MNT RES,Family North Plumbing and Heating,familynorth@familycomfortsystems.com,USD,2316274526,Family North Plumbing &amp; Heating519 W 2nd StreetGaylord Michigan 49735(231) 627-4526,Thank you for choosing Family Plumbing & Heating,null,null,null,null,null,null,null,null,null,null,null,null,null,null,NotSet,null,null,1056112968,familyheatingcoolingco,null,null,NotSet,2023-09-19T03:29:44.9391047Z,0001-01-01T00:00:00Z,2023-09-18T21:53:08.8831014Z,null
Family Heating & Cooling Co LLC,13107319,true,SPR PLUM SRV COM,Family North Plumbing and Heating,familynorth@familycomfortsystems.com,USD,2316274526,Family North Plumbing &amp; Heating519 W 2nd StreetGaylord Michigan 49735(231) 627-4526,Thank you for choosing Family Plumbing & Heating,null,null,null,null,null,null,null,null,null,null,null,null,null,null,NotSet,null,null,1056112968,familyheatingcoolingco,null,null,NotSet,2023-09-19T03:29:44.9391047Z,0001-01-01T00:00:00Z,2023-09-18T21:53:08.9072665Z,null
Family Heating & Cooling Co LLC,13107321,true,SPR PLUM SRV RES,Family North Plumbing and Heating,familynorth@familycomfortsystems.com,USD,2316274526,Family North Plumbing &amp; Heating519 W 2nd StreetGaylord Michigan 49735(231) 627-4526,Thank you for choosing Family Plumbing & Heating,null,null,null,null,null,null,null,null,null,null,null,null,null,null,NotSet,null,null,1056112968,familyheatingcoolingco,null,null,NotSet,2023-09-19T03:29:44.9391047Z,0001-01-01T00:00:00Z,2023-09-18T21:53:08.9321787Z,null
Family Heating & Cooling Co LLC,16118462,true,FAM ADMN GEN OFF,Family Plumbing & Heating ,office@familycomfortsystems.com,USD,9897328099,Family Plumbing & Heating 519 W 2nd St Gaylord MI 49735 United States(989) 732-8099,Thank you for choosing Family Plumbing & Heating,null,null,null,null,0,0,0,0,0,0,null,0,null,null,NotSet,null,null,1056112968,familyheatingcoolingco,null,null,NotSet,2023-09-19T03:29:44.9391047Z,0001-01-01T00:00:00Z,2023-08-23T14:47:43.2065136Z,null
Family Heating & Cooling Co LLC,16118463,true,FAM HVAC NCO COM,Family Plumbing & Heating ,office@familycomfortsystems.com,USD,9897328099,Family Plumbing & Heating 519 W 2nd St Gaylord MI 49735 United States(989) 732-8099,Thank you for choosing Family Plumbing & Heating,null,null,null,null,0,0,0,0,0,0,null,0,null,null,NotSet,null,null,1056112968,familyheatingcoolingco,null,null,NotSet,2023-09-19T03:29:44.9391047Z,0001-01-01T00:00:00Z,2023-07-13T18:08:38.1780464Z,null
Family Heating & Cooling Co LLC,16118464,true,FAM HVAC NCO RES,Family Plumbing & Heating ,office@familycomfortsystems.com,USD,9897328099,Family Plumbing & Heating Co Inc519 W 2nd St Gaylord MI 49735 United States(989) 732-8099,Thank you for choosing Family Plumbing & Heating,null,null,null,null,0,0,0,0,0,0,null,0,null,null,NotSet,null,null,1056112968,familyheatingcoolingco,null,null,NotSet,2023-09-19T03:29:44.9391047Z,0001-01-01T00:00:00Z,2023-07-13T18:04:56.9433422Z,null
Family Heating & Cooling Co LLC,16118465,true,FAM PLUM NCO COM,Family Plumbing & Heating ,office@familycomfortsystems.com,USD,9897328099,Family Plumbing & Heating519 W 2nd St Gaylord MI 49735 United States(989) 732-8099,Thank you for choosing Family Plumbing & Heating,null,null,null,null,0,0,0,0,0,0,null,0,null,null,NotSet,null,null,1056112968,familyheatingcoolingco,null,null,NotSet,2023-09-19T03:29:44.9391047Z,0001-01-01T00:00:00Z,2023-07-13T18:08:40.4646485Z,null
Family Heating & Cooling Co LLC,16118466,true,FAM PLUM NCO RES,Family Plumbing & Heating ,office@familycomfortsystems.com,USD,9897328099,Family Plumbing & Heating 519 W 2nd St Gaylord MI 49735 United States(989) 732-8099,Thank you for choosing Family Plumbing & Heating,null,null,null,null,0,0,0,0,0,0,null,0,null,null,NotSet,null,null,1056112968,familyheatingcoolingco,null,null,NotSet,2023-09-19T03:29:44.9391047Z,0001-01-01T00:00:00Z,2023-07-13T18:07:00.117151Z,null
Family Heating & Cooling Co LLC,16118467,true,HAN ADMN GEN OFF,Hank's Heating & Cooling,hanks@familycomfortsystems.com,USD,2313739833,Hank's Heating & CoolingP.O. Box 566 Petoskey MI 49770 United States(231) 373-9833,Thank you for choosing Hank's Heating & Cooling,null,null,null,null,0,0,0,0,0,0,null,0,null,null,NotSet,null,null,1056112968,familyheatingcoolingco,null,null,NotSet,2023-09-19T03:29:44.9391047Z,0001-01-01T00:00:00Z,2023-07-06T18:19:09.2201683Z,null
Family Heating & Cooling Co LLC,16118468,true,HAN HVAC NCO COM,Hank's Heating & Cooling,hanks@familycomfortsystems.com,USD,2313739833,Hank's Heating & CoolingP.O. Box 566 Petoskey MI 49770 United States(231) 373-9833,Thank you for choosing Hank's Heating & Cooling,null,null,null,null,0,0,0,0,0,0,null,0,null,null,NotSet,null,null,1056112968,familyheatingcoolingco,null,null,NotSet,2023-09-19T03:29:44.9391047Z,0001-01-01T00:00:00Z,2023-07-06T18:33:25.5148673Z,null
Family Heating & Cooling Co LLC,16118469,true,HAN HVAC NCO RES,Hank's Heating & Cooling,hanks@familycomfortsystems.com,USD,2313739833,Hank's Heating & CoolingP.O. Box 566 Petoskey MI 49770 United States(231) 373-9833,Thank you for choosing Hank's Heating & Cooling,null,null,null,null,0,0,0,0,0,0,null,0,null,null,NotSet,null,null,1056112968,familyheatingcoolingco,null,null,NotSet,2023-09-19T03:29:44.9391047Z,0001-01-01T00:00:00Z,2023-07-06T18:34:28.404368Z,null
Family Heating & Cooling Co LLC,16118470,true,HAN PLUM NCO COM,Hank's Heating & Cooling,hanks@familycomfortsystems.com,USD,2313739833,Hank's Heating & CoolingP.O. Box 566 Petoskey MI 49770 United States(231) 373-9833,Thank you for choosing Hank's Heating & Cooling,null,null,null,null,0,0,0,0,0,0,null,0,null,null,NotSet,null,null,1056112968,familyheatingcoolingco,null,null,NotSet,2023-09-19T03:29:44.9391047Z,0001-01-01T00:00:00Z,2023-07-06T18:49:36.8225712Z,null
Family Heating & Cooling Co LLC,16118471,true,HAN PLUM NCO RES,Hank's Heating & Cooling,hanks@familycomfortsystems.com,USD,2313739833,Hank's Heating & CoolingP.O. Box 566 Petoskey MI 49770 United States(231) 373-9833,Thank you for choosing Hank's Heating & Cooling,null,null,null,null,0,0,0,0,0,0,null,0,null,null,NotSet,null,null,1056112968,familyheatingcoolingco,null,null,NotSet,2023-09-19T03:29:44.9391047Z,0001-01-01T00:00:00Z,2023-07-06T18:50:17.1656465Z,null
Family Heating & Cooling Co LLC,16118472,true,KNL ADMN GEN OFF,K&L Plumbing and Heating,kandloffice@familycomfortsystems.com,USD,2313478637,K&L Plumbing & Heating4936 E Bear River Rd Boyne Falls MI 49713 United States(231) 347-8637,Thank you for choosing K&L Plumbing and Heating,null,null,null,null,0,0,0,0,0,0,null,0,null,null,NotSet,null,null,1056112968,familyheatingcoolingco,null,null,NotSet,2023-09-19T03:29:44.9391047Z,0001-01-01T00:00:00Z,2023-09-19T17:24:07.1050782Z,null
Family Heating & Cooling Co LLC,16118473,true,KNL HVAC AOR COM,K&L Plumbing and Heating,kandloffice@familycomfortsystems.com,USD,2313478637,K&L Plumbing & Heating4936 E Bear River Rd Boyne Falls MI 49713 United States(231) 347-8637,Thank you for choosing K&L Plumbing and Heating,null,null,null,null,0,0,0,0,0,0,null,0,null,null,NotSet,null,null,1056112968,familyheatingcoolingco,null,null,NotSet,2023-09-19T03:29:44.9391047Z,0001-01-01T00:00:00Z,2023-09-15T19:49:52.372411Z,null
Family Heating & Cooling Co LLC,16118474,true,KNL HVAC AOR RES,K&L Plumbing and Heating,kandloffice@familycomfortsystems.com,USD,2313478637,K&L Plumbing & Heating4936 E Bear River Rd Boyne Falls MI 49713 United States(231) 347-8637,Thank you for choosing K&L Plumbing and Heating,null,null,null,null,0,0,0,0,0,0,null,0,null,null,NotSet,null,null,1056112968,familyheatingcoolingco,null,null,NotSet,2023-09-19T03:29:44.9391047Z,0001-01-01T00:00:00Z,2023-09-15T19:49:52.3724668Z,null
Family Heating & Cooling Co LLC,16118475,true,KNL HVAC MNT COM,K&L Plumbing and Heating,kandloffice@familycomfortsystems.com,USD,2313478637,K&L Plumbing & Heating4936 E Bear River Rd Boyne Falls MI 49713 United States(231) 347-8637,Thank you for choosing K&L Plumbing and Heating,null,null,null,null,0,0,0,0,0,0,null,0,null,null,NotSet,null,null,1056112968,familyheatingcoolingco,null,null,NotSet,2023-09-19T03:29:44.9391047Z,0001-01-01T00:00:00Z,2023-09-15T19:48:52.6572107Z,null
Family Heating & Cooling Co LLC,16118476,true,KNL HVAC MNT RES,K&L Plumbing and Heating,kandloffice@familycomfortsystems.com,USD,2313478637,K&L Plumbing & Heating4936 E Bear River Rd Boyne Falls MI 49713 United States(231) 347-8637,Thank you for choosing K&L Plumbing and Heating,null,null,null,null,0,0,0,0,0,0,null,0,null,null,NotSet,null,null,1056112968,familyheatingcoolingco,null,null,NotSet,2023-09-19T03:29:44.9391047Z,0001-01-01T00:00:00Z,2023-09-15T19:48:52.6572881Z,null
Family Heating & Cooling Co LLC,16118477,true,KNL HVAC SRV COM,K&L Plumbing and Heating,kandloffice@familycomfortsystems.com,USD,2313478637,K&L Plumbing & Heating4936 E Bear River Rd Boyne Falls MI 49713 United States(231) 347-8637,Thank you for choosing K&L Plumbing and Heating,null,null,null,null,0,0,0,0,0,0,null,0,null,null,NotSet,null,null,1056112968,familyheatingcoolingco,null,null,NotSet,2023-09-19T03:29:44.9391047Z,0001-01-01T00:00:00Z,2023-09-19T18:04:58.1612178Z,null
Family Heating & Cooling Co LLC,16118478,true,KNL HVAC SRV RES,K&L Plumbing and Heating,kandloffice@familycomfortsystems.com,USD,2313478637,K&L Plumbing & Heating4936 E Bear River Rd Boyne Falls MI 49713 United States(231) 347-8637,Thank you for choosing K&L Plumbing and Heating,null,null,null,null,0,0,0,0,0,0,null,0,null,null,NotSet,null,null,1056112968,familyheatingcoolingco,null,null,NotSet,2023-09-19T03:29:44.9391047Z,0001-01-01T00:00:00Z,2023-09-19T18:04:58.1788787Z,null
Family Heating & Cooling Co LLC,16118479,true,KNL PLUM AOR COM,K&L Plumbing and Heating,kandloffice@familycomfortsystems.com,USD,2313478637,K&L Plumbing & Heating4936 E Bear River Rd Boyne Falls MI 49713 United States(231) 347-8637,Thank you for choosing K&L Plumbing and Heating,null,null,null,null,0,0,0,0,0,0,null,0,null,null,NotSet,null,null,1056112968,familyheatingcoolingco,null,null,NotSet,2023-09-19T03:29:44.9391047Z,0001-01-01T00:00:00Z,2023-09-15T19:50:46.0074924Z,null
Family Heating & Cooling Co LLC,16118480,true,KNL PLUM AOR RES,K&L Plumbing and Heating,kandloffice@familycomfortsystems.com,USD,2313478637,K&L Plumbing & Heating4936 E Bear River Rd Boyne Falls MI 49713 United States(231) 347-8637,Thank you for choosing K&L Plumbing and Heating,null,null,null,null,0,0,0,0,0,0,null,0,null,null,NotSet,null,null,1056112968,familyheatingcoolingco,null,null,NotSet,2023-09-19T03:29:44.9391047Z,0001-01-01T00:00:00Z,2023-09-15T19:50:46.007543Z,null
Family Heating & Cooling Co LLC,16118481,true,KNL PLUM MNT COM,K&L Plumbing and Heating,kandloffice@familycomfortsystems.com,USD,2313478637,K&L Plumbing & Heating4936 E Bear River Rd Boyne Falls MI 49713 United States(231) 347-8637,Thank you for choosing K&L Plumbing and Heating,null,null,null,null,0,0,0,0,0,0,null,0,null,null,NotSet,null,null,1056112968,familyheatingcoolingco,null,null,NotSet,2023-09-19T03:29:44.9391047Z,0001-01-01T00:00:00Z,2023-09-15T19:49:07.0704668Z,null
Family Heating & Cooling Co LLC,16118482,true,KNL PLUM MNT RES,K&L Plumbing and Heating,kandloffice@familycomfortsystems.com,USD,2313478637,K&L Plumbing & Heating4936 E Bear River Rd Boyne Falls MI 49713 United States(231) 347-8637,Thank you for choosing K&L Plumbing and Heating,null,null,null,null,0,0,0,0,0,0,null,0,null,null,NotSet,null,null,1056112968,familyheatingcoolingco,null,null,NotSet,2023-09-19T03:29:44.9391047Z,0001-01-01T00:00:00Z,2023-09-15T19:49:07.0705224Z,null
Family Heating & Cooling Co LLC,16118483,true,KNL PLUM SRV COM,K&L Plumbing and Heating,kandloffice@familycomfortsystems.com,USD,2313478637,K&L Plumbing & Heating4936 E Bear River Rd Boyne Falls MI 49713 United States(231) 347-8637,Thank you for choosing K&L Plumbing and Heating,null,null,null,null,0,0,0,0,0,0,null,0,null,null,NotSet,null,null,1056112968,familyheatingcoolingco,null,null,NotSet,2023-09-19T03:29:44.9391047Z,0001-01-01T00:00:00Z,2023-09-19T18:04:58.1006086Z,null
Family Heating & Cooling Co LLC,16118484,true,KNL PLUM SRV RES,K&L Plumbing and Heating,kandloffice@familycomfortsystems.com,USD,2313478637,K&L Plumbing & Heating4936 E Bear River Rd Boyne Falls MI 49713 United States(231) 347-8637,Thank you for choosing K&L Plumbing and Heating,null,null,null,null,0,0,0,0,0,0,null,0,null,null,NotSet,null,null,1056112968,familyheatingcoolingco,null,null,NotSet,2023-09-19T03:29:44.9391047Z,0001-01-01T00:00:00Z,2023-09-19T18:00:13.7184514Z,null
Family Heating & Cooling Co LLC,16118485,true,SPR ADMN GEN OFF,Family North Plumbing & Heating,familynorth@familycomfortsystems.com,USD,2316274526,Family Plumbing and Heating519 W 2nd StreetGaylord Michigan 49735,Thank you for choosing Family North Plumbing & Heating,null,null,null,null,0,0,0,0,0,0,null,0,null,null,NotSet,null,null,1056112968,familyheatingcoolingco,null,null,NotSet,2023-09-19T03:29:44.9391047Z,0001-01-01T00:00:00Z,2023-09-18T21:49:38.4237179Z,null
Family Heating & Cooling Co LLC,16118486,true,SPR HVAC NCO COM,Family North Plumbing and Heating,familynorth@familycomfortsystems.com,USD,2316274526,Family North Plumbing &amp; Heating519 W 2nd StreetGaylord Michigan 49735(231) 627-4526,Thank you for choosing Family Plumbing & Heating,null,null,null,null,0,0,0,0,0,0,null,0,null,null,NotSet,null,null,1056112968,familyheatingcoolingco,null,null,NotSet,2023-09-19T03:29:44.9391047Z,0001-01-01T00:00:00Z,2023-09-18T21:53:08.9529338Z,null
Family Heating & Cooling Co LLC,16118487,true,SPR HVAC NCO RES,Family North Plumbing and Heating,familynorth@familycomfortsystems.com,USD,2316274526,Family North Plumbing &amp; Heating519 W 2nd StreetGaylord Michigan 49735(231) 627-4526,Thank you for choosing Family Plumbing & Heating,null,null,null,null,0,0,0,0,0,0,null,0,null,null,NotSet,null,null,1056112968,familyheatingcoolingco,null,null,NotSet,2023-09-19T03:29:44.9391047Z,0001-01-01T00:00:00Z,2023-09-18T21:53:08.9705946Z,null
Family Heating & Cooling Co LLC,16118488,true,SPR PLUM NCO COM,Family North Plumbing and Heating,familynorth@familycomfortsystems.com,USD,2316274526,Family North Plumbing &amp; Heating519 W 2nd StreetGaylord Michigan 49735(231) 627-4526,Thank you for choosing Family Plumbing & Heating,null,null,null,null,0,0,0,0,0,0,null,0,null,null,NotSet,null,null,1056112968,familyheatingcoolingco,null,null,NotSet,2023-09-19T03:29:44.9391047Z,0001-01-01T00:00:00Z,2023-09-18T21:53:08.9879549Z,null
Family Heating & Cooling Co LLC,16118489,true,SPR PLUM NCO RES,Family North Plumbing and Heating,familynorth@familycomfortsystems.com,USD,2316274526,Family North Plumbing &amp; Heating519 W 2nd StreetGaylord Michigan 49735(231) 627-4526,Thank you for choosing Family Plumbing & Heating,null,null,null,null,0,0,0,0,0,0,null,0,null,null,NotSet,null,null,1056112968,familyheatingcoolingco,null,null,NotSet,2023-09-19T03:29:44.9391047Z,0001-01-01T00:00:00Z,2023-09-18T21:53:09.0058696Z,null
Family Heating & Cooling Co LLC,51353626,true,FHC ADMN GEN OFF,Family Headquarters,office@familycomfortsystems.com,USD,(888) 888-8888,null,null,null,null,null,null,null,null,null,null,null,null,null,null,null,null,NotSet,null,null,1056112968,familyheatingcoolingco,null,null,NotSet,2023-09-19T03:29:44.9391047Z,2023-06-22T19:00:14.0687266Z,2023-07-06T18:18:41.1462664Z,null
